question,answer
Что такое глобализация?,"Глобализация — это процесс интеграции стран и народов через экономические, культурные и политические связи."
Каковы основные причины изменения климата?,"Основные причины изменения климата включают выбросы парниковых газов, вырубку лесов и загрязнение окружающей среды."
Что такое устойчивое развитие?,"Устойчивое развитие — это развитие, которое удовлетворяет потребности настоящего без ущерба для будущих поколений."
Какова роль образования в обществе?,"Образование играет ключевую роль в формировании личности, развитии навыков и повышении уровня жизни."
Что такое культурное разнообразие?,Культурное разнообразие — это наличие множества различных культур и традиций в одном обществе.
Каковы последствия войны для общества?,"Последствия войны могут включать разрушение инфраструктуры, гуманитарные кризисы и долгосрочные психические травмы."
Что такое права человека?,"Права человека — это основные права и свободы, которые принадлежат каждому человеку от рождения."
Какова роль технологий в современном мире?,"Технологии играют важную роль в улучшении качества жизни, увеличении производительности и доступе к информации."
Что такое демократия?,"Демократия — это форма правления, при которой власть принадлежит народу и осуществляется через выборы."
Каковы основные экологические проблемы современности?,"Основные экологические проблемы включают загрязнение, изменение климата и исчезновение видов."
Что такое социальная справедливость?,"Социальная справедливость — это концепция, предполагающая равенство всех людей в доступе к ресурсам и возможностям."
Какова роль искусства в обществе?,"Искусство отражает культуру, способствует самовыражению и может вызывать социальные изменения."
Что такое миграция?,"Миграция — это перемещение людей из одного места в другое, часто в поисках лучших условий жизни."
Каковы последствия бедности для общества?,"Последствия бедности могут включать ограниченный доступ к образованию, здравоохранению и социальной защите."
Что такое гендерное равенство?,"Гендерное равенство — это состояние, при котором мужчины и женщины имеют равные права и возможности."
Какова роль науки в современном мире?,"Наука способствует развитию технологий, улучшению здоровья и пониманию природных явлений."
Что такое национальная идентичность?,"Национальная идентичность — это чувство принадлежности к определенной нации, основанное на общих культурных и исторических чертах."
Каковы основные принципы этики?,"Основные принципы этики включают честность, справедливость и уважение к другим."
Что такое социальные сети?,"Социальные сети — это онлайн-платформы, которые позволяют пользователям взаимодействовать и обмениваться информацией."
Каковы последствия изменения климата для экосистем?,Последствия изменения климата для экосистем могут включать исчезновение видов и изменение природных сред обитания.
Что такое философия?,"Философия — это наука, изучающая основные вопросы бытия, знания и морали."
Какова роль семьи в обществе?,"Семья играет важную роль в воспитании детей, передаче ценностей и поддержании социальной стабильности."
Что такое здоровье?,"Здоровье — это состояние полного физического, психического и социального благополучия."
Какова роль молодежи в обществе?,Молодежь играет активную роль в социальных изменениях и формировании будущего общества.
Что такое толерантность?,"Толерантность — это уважение и принятие различий между людьми, включая их мнения и убеждения."
Какова природа счастья?,"Счастье — это субъективное состояние удовлетворенности жизнью, которое зависит от личных ценностей и обстоятельств."
Что такое экономическое неравенство?,Экономическое неравенство — это различия в доходах и богатстве между разными группами населения.
Каковы последствия глобализации для культуры?,"Последствия глобализации для культуры могут включать как распространение культурных ценностей, так и угрозу локальным традициям."
Что такое гражданская ответственность?,Гражданская ответственность — это обязанность каждого человека участвовать в жизни общества и заботиться о его благополучии.
Какова роль религии в обществе?,"Религия может служить источником моральных норм, объединять людей и обеспечивать смысл жизни."
Что такое экологический след?,"Экологический след — это мера воздействия человека на окружающую среду, включая потребление ресурсов и выбросы."
Каковы основные принципы демократии?,"Основные принципы демократии включают свободу слова, выборность власти и защиту прав меньшинств."
Что такое культурное наследие?,"Культурное наследие — это совокупность материальных и нематериальных ценностей, передаваемых из поколения в поколение."
Каковы последствия технологических изменений для труда?,Последствия технологических изменений для труда могут включать автоматизацию рабочих мест и потребность в новых навыках.
Что такое социальная поддержка?,"Социальная поддержка — это помощь и ресурсы, предоставляемые людям для улучшения их благосостояния."
Какова роль спорта в обществе?,"Спорт способствует физическому здоровью, сплочению общества и формированию командного духа."
Что такое философия науки?,"Философия науки изучает методы и основания научного знания, а также его влияние на общество."
Каковы основные аспекты личностного развития?,"Основные аспекты личностного развития включают самопознание, развитие навыков и эмоциональную зрелость."
Что такое культурная ассимиляция?,"Культурная ассимиляция — это процесс, в ходе которого одна культура принимает элементы другой культуры."
Какова роль СМИ в современном обществе?,"СМИ играют важную роль в информировании общественности, формировании общественного мнения и обеспечении прозрачности."
Что такое инклюзия?,"Инклюзия — это подход, направленный на обеспечение равного доступа и участия всех людей в обществе."
Каковы причины конфликтов в обществе?,"Причины конфликтов могут включать экономические интересы, культурные различия и политические разногласия."
Что такое социальные изменения?,"Социальные изменения — это трансформации в структуре и функционировании общества, происходящие со временем."
Какова роль философии в жизни человека?,"Философия помогает людям осмыслять свои ценности, цели и место в мире."
Что такое эмоциональное благополучие?,"Эмоциональное благополучие — это состояние, характеризующееся положительными эмоциями и способностью справляться с трудностями."
Каковы основные принципы устойчивого развития?,"Основные принципы устойчивого развития включают экономическую эффективность, социальную справедливость и охрану окружающей среды."
Что такое социальные нормы?,"Социальные нормы — это правила и ожидания, регулирующие поведение людей в обществе."
Какова роль культуры в формировании идентичности?,Культура играет ключевую роль в формировании личной и национальной идентичности через традиции и ценности.
Что такое ментальное здоровье?,"Ментальное здоровье — это состояние психического благополучия, позволяющее человеку справляться с жизненными трудностями."
Каковы последствия коррупции для общества?,"Последствия коррупции могут включать подрыв доверия к институтам, экономические потери и социальные конфликты."
Что такое социальное предпринимательство?,"Социальное предпринимательство — это бизнес-модель, направленная на решение социальных проблем и улучшение жизни людей."
Какова роль государства в экономике?,"Государство регулирует экономику, обеспечивает правопорядок и создает условия для бизнеса и инвестиций."
Что такое культурный обмен?,"Культурный обмен — это процесс, в ходе которого люди и общества обмениваются культурными элементами, такими как традиции и искусство."
Каковы основные аспекты социальной политики?,"Основные аспекты социальной политики включают защиту прав граждан, социальное обеспечение и развитие человеческого капитала."
Что такое научный метод?,"Научный метод — это систематический подход к исследованию, основанный на наблюдении, экспериментировании и анализе."
Какова роль международных организаций?,Международные организации играют важную роль в содействии сотрудничеству между странами и решении глобальных проблем.
Что такое мода?,"Мода — это стиль одежды и поведения, который меняется со временем и отражает культурные и социальные тенденции."
Каковы последствия демографических изменений?,"Последствия демографических изменений могут включать старение населения, изменение структуры семьи и миграционные потоки."
Что такое массовая культура?,"Массовая культура — это культура, которая распространяется среди широкой аудитории через СМИ и популярные развлечения."
Какова роль добровольчества в обществе?,"Добровольчество способствует развитию гражданского общества, социальной сплоченности и решению общественных проблем."
Что такое личная ответственность?,Личная ответственность — это осознание и принятие последствий своих действий и решений.
Какова природа свободы?,"Свобода — это состояние, при котором человек имеет возможность действовать в соответствии со своими желаниями и убеждениями."
Что такое экономическое развитие?,Экономическое развитие — это процесс повышения уровня жизни и улучшения экономических условий в стране.
Каковы основные принципы устойчивого потребления?,Основные принципы устойчивого потребления включают разумное использование ресурсов и минимизацию негативного воздействия на окружающую среду.
Что такое социальная изоляция?,"Социальная изоляция — это состояние, при котором человек испытывает недостаток в социальных связях и поддержке."
Какова роль инноваций в экономике?,"Инновации способствуют росту производительности, созданию новых рабочих мест и улучшению качества жизни."
Что такое культурная идентичность?,Культурная идентичность — это осознание и принятие принадлежности к определенной культуре или этнической группе.
Каковы последствия технологической зависимости?,Последствия технологической зависимости могут включать ухудшение психического здоровья и снижение качества межличностных отношений.
Что такое социальные движения?,"Социальные движения — это организованные усилия людей, направленные на изменение социальных норм и политических условий."
Какова роль философии в образовании?,Философия в образовании помогает развивать критическое мышление и формировать этические нормы.
Что такое глобальная безопасность?,"Глобальная безопасность включает в себя меры, направленные на предотвращение конфликтов и обеспечение стабильности в международных отношениях."
Каковы основные аспекты социальной интеграции?,"Основные аспекты социальной интеграции включают равенство возможностей, участие в общественной жизни и доступ к ресурсам."
Что такое культурная политика?,"Культурная политика — это совокупность мер, направленных на развитие и поддержку культуры в обществе."
Какова роль критического мышления в образовании?,"Критическое мышление помогает учащимся анализировать информацию, формировать собственные мнения и принимать обоснованные решения."
Что такое экосистема?,Экосистема — это совокупность живых организмов и их взаимодействия с окружающей средой.
Каковы основные принципы социальной ответственности бизнеса?,"Основные принципы социальной ответственности бизнеса включают этичное ведение дел, экологическую устойчивость и поддержку местных сообществ."
Что такое культурный шок?,"Культурный шок — это чувство дезориентации и стресса, возникающее при столкновении с новой культурой."
Какова природа власти?,"Власть — это способность влиять на поведение других людей и принимать решения, которые касаются общества."
Что такое ментальное здоровье?,"Ментальное здоровье — это состояние психического благополучия, позволяющее человеку справляться с жизненными трудностями."
Каковы последствия изменения климата для человечества?,"Последствия изменения климата могут включать ухудшение здоровья, миграцию населения и экономические потери."
Что такое культурная традиция?,"Культурная традиция — это передаваемые из поколения в поколение обычаи, верования и практики."
Какова роль науки в принятии решений?,"Наука предоставляет обоснованные данные и факты, которые помогают принимать более информированные решения."
Что такое социальная динамика?,Социальная динамика изучает изменения в социальных структурах и взаимодействиях между людьми.
Какова роль искусства в выражении идентичности?,Искусство позволяет людям выражать свою индивидуальность и культурную принадлежность.
Что такое социальное капитальное?,"Социальное капитальное — это сети и отношения, которые способствуют сотрудничеству и поддержке в обществе."
Каковы основные аспекты гражданского общества?,Основные аспекты гражданского общества включают участие граждан в политических процессах и защиту прав человека.
Что такое философия счастья?,"Философия счастья изучает природу счастья и факторы, способствующие его достижению."
Что такое экологическая справедливость?,Экологическая справедливость подразумевает равный доступ всех людей к природным ресурсам и защиту окружающей среды.
Каковы последствия цифровой трансформации для бизнеса?,"Цифровая трансформация может привести к повышению эффективности, улучшению клиентского опыта и изменению бизнес-моделей."
Что такое культурная глобализация?,Культурная глобализация — это распространение культурных элементов и практик по всему миру благодаря технологиям и коммуникациям.
Какова роль этики в бизнесе?,"Этика в бизнесе способствует честности, справедливости и ответственности перед обществом и клиентами."
Что такое социальное неравенство?,"Социальное неравенство — это различия в доступе к ресурсам, возможностям и правам между различными группами людей."
"Каковы основные факторы, способствующие миграции?","Основные факторы миграции включают экономические возможности, политическую нестабильность и климатические изменения."
Что такое культурные стереотипы?,"Культурные стереотипы — это обобщенные представления о группе людей, которые могут быть как положительными, так и отрицательными."
Какова роль женщин в современном обществе?,"Женщины играют важную роль в экономике, политике и социальных движениях, способствуя равенству и справедливости."
Что такое социальная мобильность?,Социальная мобильность — это возможность перемещения индивидов или групп между различными социальными статусами.
Какова природа конфликта?,"Конфликт — это столкновение интересов, мнений или ценностей, которое может возникать на разных уровнях."
Что такое культура мира?,"Культура мира включает в себя разнообразие культурных традиций, практик и выражений, существующих на планете."
Каковы последствия технологических изменений для общества?,"Технологические изменения могут привести к улучшению качества жизни, но также могут вызвать социальные и экономические проблемы."
Что такое этика заботы?,Этика заботы акцентирует внимание на важности межличностных отношений и ответственности за других людей.
Какова роль искусства в социальной критике?,"Искусство может служить мощным инструментом социальной критики, поднимая важные вопросы и вызывая общественные дискуссии."
Что такое инклюзивное образование?,"Инклюзивное образование подразумевает обучение всех детей в одной образовательной среде, независимо от их особенностей."
Каковы основные аспекты устойчивого туризма?,"Устойчивый туризм учитывает экономические, социальные и экологические последствия туристической деятельности."
Что такое культурные права?,"Культурные права — это права, которые обеспечивают возможность людям участвовать в культурной жизни и сохранять свою идентичность."
Какова роль семьи в социализации детей?,"Семья является основным агентом социализации, формируя ценности, нормы и поведение детей."
Что такое социальная ответственность личности?,Социальная ответственность личности подразумевает активное участие в жизни общества и заботу о его благополучии.
Какова природа конфликта интересов?,"Конфликт интересов возникает, когда личные интересы влияют на объективность и беспристрастность в принятии решений."
Что такое культурная самобытность?,"Культурная самобытность — это уникальные черты и особенности культуры, которые отличают одну группу от другой."
Каковы последствия старения населения?,Старение населения может привести к увеличению нагрузки на систему здравоохранения и пенсионное обеспечение.
Что такое социальный капитал?,"Социальный капитал — это ресурсы, которые люди получают через свои социальные сети и связи."
Какова роль технологий в образовании?,"Технологии в образовании способствуют доступу к информации, улучшению учебных процессов и взаимодействию между учениками."
Что такое культурные различия?,"Культурные различия — это отличия в обычаях, верованиях и практиках между различными культурами."
Какова природа социальной справедливости?,Социальная справедливость подразумевает равенство возможностей и ресурсов для всех членов общества.
Что такое экологическое сознание?,Экологическое сознание — это осознание важности защиты окружающей среды и устойчивого использования ресурсов.
Каковы основные принципы гуманизма?,"Основные принципы гуманизма включают уважение к человеческому достоинству, развитие личности и стремление к справедливости."
Что такое социокультурная адаптация?,"Социокультурная адаптация — это процесс, в ходе которого индивидуумы или группы приспосабливаются к новой культурной среде."
Какова роль гражданского общества в демократии?,Гражданское общество способствует участию граждан в политических процессах и контролю за действиями власти.
Что такое ментальное здоровье молодежи?,"Ментальное здоровье молодежи включает в себя эмоциональное, психологическое и социальное благополучие молодых людей."
Каковы последствия изменения климата для экономики?,"Изменение климата может привести к экономическим потерям, связанным с природными катастрофами и изменениями в сельском хозяйстве."
Что такое культурные обмены?,"Культурные обмены — это взаимодействие между культурами, которое способствует взаимопониманию и сотрудничеству."
Какова роль науки в решении социальных проблем?,Наука помогает выявлять причины социальных проблем и разрабатывать эффективные решения для их устранения.
Что такое культурный конфликт?,"Культурный конфликт возникает, когда различные культурные группы сталкиваются из-за различий в ценностях и нормах."
Каковы основные аспекты психического здоровья?,"Основные аспекты психического здоровья включают эмоциональное благополучие, стрессоустойчивость и способность справляться с трудностями."
Что такое социальная инклюзия?,"Социальная инклюзия — это процесс, направленный на вовлечение всех членов общества в его жизнь и деятельность."
Какова роль культуры в экономическом развитии?,"Культура может способствовать экономическому развитию через туризм, креативные индустрии и укрепление местных сообществ."
Что такое права меньшинств?,"Права меньшинств — это права групп людей, которые отличаются от большинства по этническому, культурному или религиозному признаку."
Каковы последствия цифрового разрыва?,Цифровой разрыв может привести к неравенству в доступе к информации и технологиям между различными социальными группами.
Что такое культурная адаптация?,"Культурная адаптация — это процесс, в ходе которого индивидуумы или группы осваивают новые культурные нормы и ценности."
Какова природа социальной ответственности бизнеса?,Социальная ответственность бизнеса подразумевает этичное ведение дел и учет интересов общества при принятии решений.
Что такое здоровье населения?,"Здоровье населения — это состояние здоровья группы людей, которое зависит от социальных, экономических и экологических факторов."
Какова роль волонтерства в обществе?,Волонтерство способствует решению социальных проблем и укреплению связей между людьми в сообществе.
Что такое социальные инновации?,"Социальные инновации — это новые идеи и подходы, направленные на решение социальных проблем и улучшение качества жизни."
Каковы основные принципы устойчивого развития городов?,"Основные принципы устойчивого развития городов включают экологическую устойчивость, социальную справедливость и экономическую жизнеспособность."
Что такое культурная политика государства?,"Культурная политика государства включает в себя меры, направленные на поддержку и развитие культуры в обществе."
Какова роль философии в понимании мира?,"Философия помогает осмыслять сложные вопросы бытия, знания и морали, формируя критическое мышление."
Что такое социальные проблемы?,"Социальные проблемы — это вопросы, которые затрагивают общество в целом и требуют коллективного решения."
Какова природа культурной идентичности?,"Культурная идентичность формируется на основе общих традиций, языка и исторического опыта группы людей."
Что такое культурное наследие?,"Культурное наследие — это совокупность материальных и нематериальных ценностей, которые передаются из поколения в поколение."
Каковы последствия социальной изоляции?,Социальная изоляция может привести к ухудшению психического здоровья и снижению качества жизни.
Что такое культурные практики?,"Культурные практики — это ритуалы, обычаи и традиции, которые являются частью жизни общества."
Какова роль искусства в образовании?,"Искусство в образовании помогает развивать креативность, критическое мышление и эмоциональное восприятие."
Что такое социальная ответственность граждан?,Социальная ответственность граждан подразумевает активное участие в жизни общества и заботу о его благополучии.
Каковы основные аспекты культурной политики?,"Основные аспекты культурной политики включают поддержку культурных инициатив, сохранение наследия и развитие культурных индустрий."
Что такое экологическая устойчивость?,Экологическая устойчивость — это способность экосистемы сохранять свои функции и разнообразие в условиях изменений.
Какова роль молодежных организаций?,"Молодежные организации способствуют развитию лидерских качеств, социальной активности и вовлеченности молодежи."
Что такое социальная политика?,"Социальная политика — это система мер, направленных на улучшение благосостояния граждан и решение социальных проблем."
Каковы основные принципы культурной интеграции?,"Основные принципы культурной интеграции включают уважение к различиям, взаимопонимание и сотрудничество."
Что такое социальная справедливость?,"Социальная справедливость — это концепция, предполагающая равенство всех людей в доступе к ресурсам и возможностям."
Какова роль государства в охране окружающей среды?,Государство регулирует использование природных ресурсов и принимает меры по охране окружающей среды.
Что такое культурные различия?,"Культурные различия — это отличия в обычаях, верованиях и практиках между разными культурами."
Каковы последствия глобализации для местных культур?,"Глобализация может привести к распространению глобальных ценностей, но также угрожает местным традициям и языкам."
Что такое социальная идентичность?,"Социальная идентичность — это часть самоопределения человека, основанная на его принадлежности к определенным группам."
Какова роль инновационных технологий в образовании?,"Инновационные технологии делают образование более доступным и эффективным, способствуя индивидуальному обучению."
Что такое культурная самосознание?,Культурная самосознание — это осознание и понимание своей культурной идентичности и ее значения.
Каковы основные аспекты социальной политики?,"Основные аспекты социальной политики включают защиту прав граждан, социальное обеспечение и развитие человеческого капитала."
Что такое культурные различия?,"Культурные различия — это отличия в обычаях, верованиях и практиках между различными культурами."
Какова природа культурного разнообразия?,"Культурное разнообразие — это наличие множества различных культур, традиций и обычаев в одном обществе."
Что такое социальное взаимодействие?,"Социальное взаимодействие — это процесс, в ходе которого люди обмениваются информацией и эмоциями в различных контекстах."
Какова роль философии в формировании мировоззрения?,"Философия помогает людям осмысливать свои убеждения, ценности и представления о мире."
Что такое культурные обычаи?,"Культурные обычаи — это традиции и практики, которые передаются из поколения в поколение внутри сообщества."
Каковы последствия социальной дискриминации?,Социальная дискриминация может привести к неравенству в доступе к ресурсам и возможностям для определенных групп.
Что такое культурная идентичность?,"Культурная идентичность формируется на основе общих традиций, языка и исторического опыта группы людей."
Какова роль искусства в формировании общественного мнения?,"Искусство может влиять на общественное мнение, поднимая важные вопросы и побуждая к размышлениям."
Что такое социальная изоляция?,"Социальная изоляция — это состояние, при котором человек испытывает недостаток в социальных связях и поддержке."
Каковы основные аспекты социальной политики?,"Основные аспекты социальной политики включают защиту прав граждан, социальное обеспечение и развитие человеческого капитала."
Что такое культурные практики?,"Культурные практики — это ритуалы, обычаи и традиции, которые являются частью жизни общества."
